Flight_No,Route,Tail_Number,Vendor,Sch_Arrival,Sch_Departure,Act_Departure,Delay_Min,IATA_Code,Reason,Planned_Fuel_KG,Actual_Fuel_KG,Fuel_Variance_AED,is_on_time,Delay_Cost_AED
EY37,AUH-CDG,A6-XWB,Swissport,2026-03-01 00:00:00,2026-03-01 01:30:00,2026-03-01 01:55:00,25,41.0,Aircraft Handling,41676.14,41712.34,166.51,0,3750
EY37,AUH-CDG,A6-XWC,Etihad Ground Logistics,2026-03-01 06:00:00,2026-03-01 07:30:00,2026-03-01 07:30:00,0,,On-Time,39619.38,39624.92,25.46,1,0
EY204,AUH-BOM,A6-XWE,Etihad Ground Logistics,2026-03-01 12:00:00,2026-03-01 13:30:00,2026-03-01 13:30:00,0,,On-Time,39322.75,39302.85,-91.56,1,0
EY151,AUH-ORD,A6-XWB,Etihad Ground Logistics,2026-03-01 18:00:00,2026-03-01 19:30:00,2026-03-01 20:16:00,46,41.0,Aircraft Handling,41793.35,41740.16,-244.71,0,6900
EY204,AUH-BOM,A6-XWD,Etihad Ground Logistics,2026-03-02 00:00:00,2026-03-02 01:30:00,2026-03-02 01:30:00,0,,On-Time,38987.92,38987.23,-3.17,1,0
EY11,AUH-LHR,A6-XWB,dnata,2026-03-02 06:00:00,2026-03-02 07:30:00,2026-03-02 07:30:00,0,,On-Time,38767.52,38758.56,-41.22,1,0
EY11,AUH-LHR,A6-XWC,Etihad Ground Logistics,2026-03-02 12:00:00,2026-03-02 13:30:00,2026-03-02 13:30:00,0,,On-Time,41055.08,41066.75,53.67,1,0
EY204,AUH-BOM,A6-XWA,Etihad Ground Logistics,2026-03-02 18:00:00,2026-03-02 19:30:00,2026-03-02 19:30:00,0,,On-Time,39221.12,39238.36,79.26,1,0
EY11,AUH-LHR,A6-XWA,Etihad Ground Logistics,2026-03-03 00:00:00,2026-03-03 01:30:00,2026-03-03 01:30:00,0,,On-Time,39656.8,39670.15,61.41,1,0
EY204,AUH-BOM,A6-XWB,Etihad Ground Logistics,2026-03-03 06:00:00,2026-03-03 07:30:00,2026-03-03 07:30:00,0,,On-Time,41917.87,41928.9,50.73,1,0
EY151,AUH-ORD,A6-XWC,dnata,2026-03-03 12:00:00,2026-03-03 13:30:00,2026-03-03 14:09:00,39,18.0,Catering,41369.37,41373.92,20.93,0,5850
EY37,AUH-CDG,A6-XWC,Swissport,2026-03-03 18:00:00,2026-03-03 19:30:00,2026-03-03 20:12:00,42,41.0,Aircraft Handling,38318.94,38352.15,152.74,0,6300
EY151,AUH-ORD,A6-XWD,dnata,2026-03-04 00:00:00,2026-03-04 01:30:00,2026-03-04 01:30:00,0,,On-Time,38709.54,38727.31,81.77,1,0
EY101,AUH-JFK,A6-XWD,Etihad Ground Logistics,2026-03-04 06:00:00,2026-03-04 07:30:00,2026-03-04 07:30:00,0,,On-Time,41424.43,41406.79,-81.17,1,0
EY204,AUH-BOM,A6-XWB,Etihad Ground Logistics,2026-03-04 12:00:00,2026-03-04 13:30:00,2026-03-04 13:30:00,0,,On-Time,40411.93,40398.37,-62.38,1,0
EY37,AUH-CDG,A6-XWB,Swissport,2026-03-04 18:00:00,2026-03-04 19:30:00,2026-03-04 19:30:00,0,,On-Time,39224.89,39223.35,-7.08,1,0
EY37,AUH-CDG,A6-XWE,Etihad Ground Logistics,2026-03-05 00:00:00,2026-03-05 01:30:00,2026-03-05 01:30:00,0,,On-Time,38010.64,38015.0,20.05,1,0
EY151,AUH-ORD,A6-XWC,Swissport,2026-03-05 06:00:00,2026-03-05 07:30:00,2026-03-05 07:30:00,0,,On-Time,40491.41,40499.23,35.97,1,0
EY204,AUH-BOM,A6-XWA,Etihad Ground Logistics,2026-03-05 12:00:00,2026-03-05 13:30:00,2026-03-05 13:30:00,0,,On-Time,41770.53,41768.14,-11.02,1,0
EY101,AUH-JFK,A6-XWB,Swissport,2026-03-05 18:00:00,2026-03-05 19:30:00,2026-03-05 19:55:00,25,11.0,Ground Handling,38762.1,38990.5,1050.6,0,3750
EY204,AUH-BOM,A6-XWE,dnata,2026-03-06 00:00:00,2026-03-06 01:30:00,2026-03-06 01:30:00,0,,On-Time,38332.64,38317.07,-71.59,1,0
EY101,AUH-JFK,A6-XWC,Etihad Ground Logistics,2026-03-06 06:00:00,2026-03-06 07:30:00,2026-03-06 07:30:00,0,,On-Time,40704.47,40707.59,14.35,1,0
EY11,AUH-LHR,A6-XWE,Swissport,2026-03-06 12:00:00,2026-03-06 13:30:00,2026-03-06 13:30:00,0,,On-Time,39995.03,40005.78,49.46,1,0
EY101,AUH-JFK,A6-XWA,Swissport,2026-03-06 18:00:00,2026-03-06 19:30:00,2026-03-06 19:30:00,0,,On-Time,41268.05,41275.0,31.94,1,0
EY37,AUH-CDG,A6-XWD,Swissport,2026-03-07 00:00:00,2026-03-07 01:30:00,2026-03-07 01:30:00,0,,On-Time,39248.61,39268.13,89.82,1,0
EY37,AUH-CDG,A6-XWC,dnata,2026-03-07 06:00:00,2026-03-07 07:30:00,2026-03-07 08:05:00,35,66.0,Late Crew,40624.94,40534.67,-415.27,0,5250
EY151,AUH-ORD,A6-XWB,Swissport,2026-03-07 12:00:00,2026-03-07 13:30:00,2026-03-07 13:30:00,0,,On-Time,38668.37,38655.64,-58.53,1,0
EY101,AUH-JFK,A6-XWB,dnata,2026-03-07 18:00:00,2026-03-07 19:30:00,2026-03-07 19:30:00,0,,On-Time,40435.06,40447.58,57.59,1,0
EY37,AUH-CDG,A6-XWB,Swissport,2026-03-08 00:00:00,2026-03-08 01:30:00,2026-03-08 01:30:00,0,,On-Time,39842.92,39860.79,82.21,1,0
EY37,AUH-CDG,A6-XWC,Etihad Ground Logistics,2026-03-08 06:00:00,2026-03-08 07:30:00,2026-03-08 07:30:00,0,,On-Time,41027.31,41025.81,-6.92,1,0
EY37,AUH-CDG,A6-XWB,Etihad Ground Logistics,2026-03-08 12:00:00,2026-03-08 13:30:00,2026-03-08 13:57:00,27,66.0,Late Crew,40732.34,40691.81,-186.43,0,4050
EY151,AUH-ORD,A6-XWB,Etihad Ground Logistics,2026-03-08 18:00:00,2026-03-08 19:30:00,2026-03-08 19:30:00,0,,On-Time,38472.26,38490.04,81.78,1,0
EY151,AUH-ORD,A6-XWE,Etihad Ground Logistics,2026-03-09 00:00:00,2026-03-09 01:30:00,2026-03-09 01:30:00,0,,On-Time,40679.29,40677.3,-9.18,1,0
EY101,AUH-JFK,A6-XWA,dnata,2026-03-09 06:00:00,2026-03-09 07:30:00,2026-03-09 07:30:00,0,,On-Time,40973.3,40989.8,75.86,1,0
EY11,AUH-LHR,A6-XWA,dnata,2026-03-09 12:00:00,2026-03-09 13:30:00,2026-03-09 14:11:00,41,11.0,Ground Handling,39394.44,39541.06,674.44,0,6150
EY101,AUH-JFK,A6-XWA,dnata,2026-03-09 18:00:00,2026-03-09 19:30:00,2026-03-09 19:30:00,0,,On-Time,41246.85,41245.46,-6.35,1,0
EY11,AUH-LHR,A6-XWB,dnata,2026-03-10 00:00:00,2026-03-10 01:30:00,2026-03-10 02:10:00,40,18.0,Catering,40193.5,40237.96,204.53,0,6000
EY101,AUH-JFK,A6-XWA,Etihad Ground Logistics,2026-03-10 06:00:00,2026-03-10 07:30:00,2026-03-10 08:24:00,54,41.0,Aircraft Handling,40137.22,40360.77,1028.33,0,8100
EY101,AUH-JFK,A6-XWE,dnata,2026-03-10 12:00:00,2026-03-10 13:30:00,2026-03-10 13:30:00,0,,On-Time,39172.94,39180.44,34.52,1,0
EY11,AUH-LHR,A6-XWE,Swissport,2026-03-10 18:00:00,2026-03-10 19:30:00,2026-03-10 19:30:00,0,,On-Time,39095.59,39083.8,-54.26,1,0
EY101,AUH-JFK,A6-XWC,dnata,2026-03-11 00:00:00,2026-03-11 01:30:00,2026-03-11 01:30:00,0,,On-Time,38000.54,38004.84,19.78,1,0
EY11,AUH-LHR,A6-XWA,Swissport,2026-03-11 06:00:00,2026-03-11 07:30:00,2026-03-11 07:30:00,0,,On-Time,39123.43,39136.31,59.28,1,0
EY11,AUH-LHR,A6-XWC,dnata,2026-03-11 12:00:00,2026-03-11 13:30:00,2026-03-11 13:52:00,22,18.0,Catering,40746.38,40974.57,1049.67,0,3300
EY151,AUH-ORD,A6-XWB,dnata,2026-03-11 18:00:00,2026-03-11 19:30:00,2026-03-11 19:53:00,23,18.0,Catering,40388.82,40357.76,-142.9,0,3450
EY11,AUH-LHR,A6-XWB,Swissport,2026-03-12 00:00:00,2026-03-12 01:30:00,2026-03-12 01:30:00,0,,On-Time,39442.29,39449.2,31.78,1,0
EY204,AUH-BOM,A6-XWE,Swissport,2026-03-12 06:00:00,2026-03-12 07:30:00,2026-03-12 07:30:00,0,,On-Time,39643.28,39633.96,-42.86,1,0
EY151,AUH-ORD,A6-XWA,Etihad Ground Logistics,2026-03-12 12:00:00,2026-03-12 13:30:00,2026-03-12 13:30:00,0,,On-Time,39663.57,39666.83,14.99,1,0
EY151,AUH-ORD,A6-XWE,Swissport,2026-03-12 18:00:00,2026-03-12 19:30:00,2026-03-12 19:30:00,0,,On-Time,40230.32,40219.6,-49.28,1,0
EY204,AUH-BOM,A6-XWA,dnata,2026-03-13 00:00:00,2026-03-13 01:30:00,2026-03-13 02:26:00,56,66.0,Late Crew,41928.11,42203.97,1268.96,0,8400
EY11,AUH-LHR,A6-XWA,dnata,2026-03-13 06:00:00,2026-03-13 07:30:00,2026-03-13 07:30:00,0,,On-Time,40433.7,40442.45,40.27,1,0
EY151,AUH-ORD,A6-XWB,Etihad Ground Logistics,2026-03-13 12:00:00,2026-03-13 13:30:00,2026-03-13 13:30:00,0,,On-Time,41332.73,41351.48,86.25,1,0
EY151,AUH-ORD,A6-XWE,dnata,2026-03-13 18:00:00,2026-03-13 19:30:00,2026-03-13 19:30:00,0,,On-Time,39080.28,39078.1,-10.01,1,0
EY151,AUH-ORD,A6-XWC,Swissport,2026-03-14 00:00:00,2026-03-14 01:30:00,2026-03-14 01:30:00,0,,On-Time,38494.52,38477.03,-80.45,1,0
EY37,AUH-CDG,A6-XWB,Swissport,2026-03-14 06:00:00,2026-03-14 07:30:00,2026-03-14 08:03:00,33,66.0,Late Crew,41199.63,41311.5,514.6,0,4950
EY204,AUH-BOM,A6-XWA,Swissport,2026-03-14 12:00:00,2026-03-14 13:30:00,2026-03-14 13:30:00,0,,On-Time,40001.91,40008.05,28.25,1,0
EY151,AUH-ORD,A6-XWA,Etihad Ground Logistics,2026-03-14 18:00:00,2026-03-14 19:30:00,2026-03-14 19:30:00,0,,On-Time,41869.07,41871.42,10.84,1,0
EY37,AUH-CDG,A6-XWA,Swissport,2026-03-15 00:00:00,2026-03-15 01:30:00,2026-03-15 02:09:00,39,41.0,Aircraft Handling,40829.58,41103.84,1261.61,0,5850
EY101,AUH-JFK,A6-XWB,Swissport,2026-03-15 06:00:00,2026-03-15 07:30:00,2026-03-15 07:30:00,0,,On-Time,41093.28,41084.39,-40.92,1,0
EY101,AUH-JFK,A6-XWC,Etihad Ground Logistics,2026-03-15 12:00:00,2026-03-15 13:30:00,2026-03-15 13:30:00,0,,On-Time,40833.34,40850.26,77.83,1,0
EY101,AUH-JFK,A6-XWA,Swissport,2026-03-15 18:00:00,2026-03-15 19:30:00,2026-03-15 19:30:00,0,,On-Time,39526.44,39517.67,-40.31,1,0
EY37,AUH-CDG,A6-XWD,Swissport,2026-03-16 00:00:00,2026-03-16 01:30:00,2026-03-16 01:30:00,0,,On-Time,39466.88,39467.45,2.61,1,0
EY11,AUH-LHR,A6-XWC,Etihad Ground Logistics,2026-03-16 06:00:00,2026-03-16 07:30:00,2026-03-16 07:30:00,0,,On-Time,39626.08,39640.02,64.12,1,0
EY37,AUH-CDG,A6-XWA,dnata,2026-03-16 12:00:00,2026-03-16 13:30:00,2026-03-16 13:30:00,0,,On-Time,41375.9,41361.68,-65.4,1,0
EY11,AUH-LHR,A6-XWA,dnata,2026-03-16 18:00:00,2026-03-16 19:30:00,2026-03-16 19:30:00,0,,On-Time,41871.66,41858.91,-58.63,1,0
EY204,AUH-BOM,A6-XWE,Swissport,2026-03-17 00:00:00,2026-03-17 01:30:00,2026-03-17 02:25:00,55,66.0,Late Crew,40060.01,40355.88,1361.0,0,8250
EY204,AUH-BOM,A6-XWD,Etihad Ground Logistics,2026-03-17 06:00:00,2026-03-17 07:30:00,2026-03-17 08:16:00,46,66.0,Late Crew,40361.98,40428.3,305.06,0,6900
EY204,AUH-BOM,A6-XWB,Etihad Ground Logistics,2026-03-17 12:00:00,2026-03-17 13:30:00,2026-03-17 14:10:00,40,41.0,Aircraft Handling,40503.41,40684.64,833.64,0,6000
EY101,AUH-JFK,A6-XWA,Etihad Ground Logistics,2026-03-17 18:00:00,2026-03-17 19:30:00,2026-03-17 19:30:00,0,,On-Time,40566.85,40571.05,19.32,1,0
EY37,AUH-CDG,A6-XWD,Swissport,2026-03-18 00:00:00,2026-03-18 01:30:00,2026-03-18 01:30:00,0,,On-Time,38197.11,38193.22,-17.92,1,0
EY101,AUH-JFK,A6-XWA,Etihad Ground Logistics,2026-03-18 06:00:00,2026-03-18 07:30:00,2026-03-18 07:30:00,0,,On-Time,41536.74,41543.11,29.28,1,0
EY204,AUH-BOM,A6-XWD,Etihad Ground Logistics,2026-03-18 12:00:00,2026-03-18 13:30:00,2026-03-18 13:30:00,0,,On-Time,41544.98,41561.78,77.27,1,0
EY11,AUH-LHR,A6-XWD,Etihad Ground Logistics,2026-03-18 18:00:00,2026-03-18 19:30:00,2026-03-18 19:30:00,0,,On-Time,40502.35,40512.47,46.54,1,0
EY11,AUH-LHR,A6-XWE,Etihad Ground Logistics,2026-03-19 00:00:00,2026-03-19 01:30:00,2026-03-19 01:30:00,0,,On-Time,39449.01,39436.07,-59.55,1,0
EY37,AUH-CDG,A6-XWE,dnata,2026-03-19 06:00:00,2026-03-19 07:30:00,2026-03-19 07:30:00,0,,On-Time,39321.86,39331.28,43.35,1,0
EY101,AUH-JFK,A6-XWE,Swissport,2026-03-19 12:00:00,2026-03-19 13:30:00,2026-03-19 13:30:00,0,,On-Time,38940.99,38929.29,-53.8,1,0
EY204,AUH-BOM,A6-XWA,Swissport,2026-03-19 18:00:00,2026-03-19 19:30:00,2026-03-19 20:03:00,33,18.0,Catering,38161.46,38101.62,-275.26,0,4950
EY37,AUH-CDG,A6-XWE,Swissport,2026-03-20 00:00:00,2026-03-20 01:30:00,2026-03-20 01:52:00,22,11.0,Ground Handling,41574.94,41599.24,111.79,0,3300
EY37,AUH-CDG,A6-XWB,Etihad Ground Logistics,2026-03-20 06:00:00,2026-03-20 07:30:00,2026-03-20 07:30:00,0,,On-Time,39292.11,39298.89,31.19,1,0
EY11,AUH-LHR,A6-XWB,dnata,2026-03-20 12:00:00,2026-03-20 13:30:00,2026-03-20 13:30:00,0,,On-Time,38206.61,38194.88,-53.95,1,0
EY101,AUH-JFK,A6-XWE,Etihad Ground Logistics,2026-03-20 18:00:00,2026-03-20 19:30:00,2026-03-20 20:30:00,60,18.0,Catering,38776.0,39069.37,1349.5,0,9000
EY11,AUH-LHR,A6-XWB,Etihad Ground Logistics,2026-03-21 00:00:00,2026-03-21 01:30:00,2026-03-21 01:30:00,0,,On-Time,41755.57,41769.65,64.77,1,0
EY101,AUH-JFK,A6-XWA,Swissport,2026-03-21 06:00:00,2026-03-21 07:30:00,2026-03-21 07:57:00,27,66.0,Late Crew,39005.17,39186.43,833.78,0,4050
EY101,AUH-JFK,A6-XWC,Etihad Ground Logistics,2026-03-21 12:00:00,2026-03-21 13:30:00,2026-03-21 13:30:00,0,,On-Time,38120.15,38112.87,-33.48,1,0
EY11,AUH-LHR,A6-XWD,dnata,2026-03-21 18:00:00,2026-03-21 19:30:00,2026-03-21 19:51:00,21,18.0,Catering,41529.37,41600.28,326.17,0,3150
EY11,AUH-LHR,A6-XWC,dnata,2026-03-22 00:00:00,2026-03-22 01:30:00,2026-03-22 01:30:00,0,,On-Time,39916.66,39919.84,14.62,1,0
EY101,AUH-JFK,A6-XWB,dnata,2026-03-22 06:00:00,2026-03-22 07:30:00,2026-03-22 08:21:00,51,66.0,Late Crew,39329.12,39448.82,550.62,0,7650
EY37,AUH-CDG,A6-XWB,Swissport,2026-03-22 12:00:00,2026-03-22 13:30:00,2026-03-22 13:30:00,0,,On-Time,39837.89,39838.63,3.42,1,0
EY204,AUH-BOM,A6-XWC,Swissport,2026-03-22 18:00:00,2026-03-22 19:30:00,2026-03-22 19:30:00,0,,On-Time,38937.08,38932.8,-19.72,1,0
EY151,AUH-ORD,A6-XWB,Swissport,2026-03-23 00:00:00,2026-03-23 01:30:00,2026-03-23 01:48:00,18,11.0,Ground Handling,39740.82,39719.46,-98.28,0,2700
EY37,AUH-CDG,A6-XWE,dnata,2026-03-23 06:00:00,2026-03-23 07:30:00,2026-03-23 07:30:00,0,,On-Time,39126.23,39106.82,-89.27,1,0
EY204,AUH-BOM,A6-XWD,dnata,2026-03-23 12:00:00,2026-03-23 13:30:00,2026-03-23 13:30:00,0,,On-Time,41594.16,41579.88,-65.7,1,0
EY204,AUH-BOM,A6-XWA,dnata,2026-03-23 18:00:00,2026-03-23 19:30:00,2026-03-23 19:30:00,0,,On-Time,38951.69,38934.28,-80.09,1,0
EY101,AUH-JFK,A6-XWD,Etihad Ground Logistics,2026-03-24 00:00:00,2026-03-24 01:30:00,2026-03-24 01:30:00,0,,On-Time,39336.73,39332.23,-20.71,1,0
EY101,AUH-JFK,A6-XWB,Etihad Ground Logistics,2026-03-24 06:00:00,2026-03-24 07:30:00,2026-03-24 07:30:00,0,,On-Time,40177.44,40174.91,-11.65,1,0
EY101,AUH-JFK,A6-XWC,Etihad Ground Logistics,2026-03-24 12:00:00,2026-03-24 13:30:00,2026-03-24 13:30:00,0,,On-Time,38909.25,38899.35,-45.55,1,0
EY151,AUH-ORD,A6-XWC,Swissport,2026-03-24 18:00:00,2026-03-24 19:30:00,2026-03-24 20:31:00,61,11.0,Ground Handling,41772.17,42045.25,1256.18,0,9150
EY37,AUH-CDG,A6-XWD,Swissport,2026-03-25 00:00:00,2026-03-25 01:30:00,2026-03-25 01:30:00,0,,On-Time,38730.47,38710.94,-89.85,1,0
EY11,AUH-LHR,A6-XWA,Swissport,2026-03-25 06:00:00,2026-03-25 07:30:00,2026-03-25 07:30:00,0,,On-Time,39749.98,39763.99,64.42,1,0
EY37,AUH-CDG,A6-XWD,dnata,2026-03-25 12:00:00,2026-03-25 13:30:00,2026-03-25 13:30:00,0,,On-Time,40420.6,40402.18,-84.73,1,0
EY204,AUH-BOM,A6-XWD,Etihad Ground Logistics,2026-03-25 18:00:00,2026-03-25 19:30:00,2026-03-25 19:30:00,0,,On-Time,39644.3,39662.44,83.45,1,0
EY37,AUH-CDG,A6-XWC,Swissport,2026-03-26 00:00:00,2026-03-26 01:30:00,2026-03-26 01:46:00,16,66.0,Late Crew,38268.9,38216.64,-240.36,0,2400
EY151,AUH-ORD,A6-XWA,dnata,2026-03-26 06:00:00,2026-03-26 07:30:00,2026-03-26 07:30:00,0,,On-Time,38975.27,38982.23,32.06,1,0
EY101,AUH-JFK,A6-XWB,Swissport,2026-03-26 12:00:00,2026-03-26 13:30:00,2026-03-26 13:30:00,0,,On-Time,41508.19,41522.19,64.41,1,0
EY151,AUH-ORD,A6-XWD,dnata,2026-03-26 18:00:00,2026-03-26 19:30:00,2026-03-26 19:30:00,0,,On-Time,41807.14,41789.88,-79.4,1,0
EY11,AUH-LHR,A6-XWD,Etihad Ground Logistics,2026-03-27 00:00:00,2026-03-27 01:30:00,2026-03-27 01:30:00,0,,On-Time,41628.5,41608.61,-91.48,1,0
EY204,AUH-BOM,A6-XWE,Swissport,2026-03-27 06:00:00,2026-03-27 07:30:00,2026-03-27 07:30:00,0,,On-Time,41140.55,41136.76,-17.42,1,0
EY101,AUH-JFK,A6-XWD,Swissport,2026-03-27 12:00:00,2026-03-27 13:30:00,2026-03-27 13:30:00,0,,On-Time,39730.72,39723.14,-34.85,1,0
EY151,AUH-ORD,A6-XWE,dnata,2026-03-27 18:00:00,2026-03-27 19:30:00,2026-03-27 19:30:00,0,,On-Time,41164.58,41167.4,13.0,1,0
EY11,AUH-LHR,A6-XWE,Etihad Ground Logistics,2026-03-28 00:00:00,2026-03-28 01:30:00,2026-03-28 01:30:00,0,,On-Time,41178.0,41176.95,-4.83,1,0
EY11,AUH-LHR,A6-XWA,Swissport,2026-03-28 06:00:00,2026-03-28 07:30:00,2026-03-28 07:30:00,0,,On-Time,41243.82,41262.34,85.22,1,0
EY101,AUH-JFK,A6-XWB,dnata,2026-03-28 12:00:00,2026-03-28 13:30:00,2026-03-28 13:30:00,0,,On-Time,39475.52,39477.4,8.64,1,0
EY101,AUH-JFK,A6-XWB,dnata,2026-03-28 18:00:00,2026-03-28 19:30:00,2026-03-28 19:30:00,0,,On-Time,41268.67,41287.49,86.59,1,0
EY11,AUH-LHR,A6-XWE,dnata,2026-03-29 00:00:00,2026-03-29 01:30:00,2026-03-29 02:30:00,60,18.0,Catering,39143.21,39114.97,-129.89,0,9000
EY37,AUH-CDG,A6-XWA,Etihad Ground Logistics,2026-03-29 06:00:00,2026-03-29 07:30:00,2026-03-29 07:30:00,0,,On-Time,41818.29,41817.08,-5.56,1,0
EY101,AUH-JFK,A6-XWC,dnata,2026-03-29 12:00:00,2026-03-29 13:30:00,2026-03-29 14:09:00,39,41.0,Aircraft Handling,40730.96,40690.85,-184.5,0,5850
EY151,AUH-ORD,A6-XWA,dnata,2026-03-29 18:00:00,2026-03-29 19:30:00,2026-03-29 19:30:00,0,,On-Time,40877.55,40881.46,17.96,1,0
EY151,AUH-ORD,A6-XWE,Etihad Ground Logistics,2026-03-30 00:00:00,2026-03-30 01:30:00,2026-03-30 01:30:00,0,,On-Time,38725.43,38711.56,-63.8,1,0
EY37,AUH-CDG,A6-XWC,dnata,2026-03-30 06:00:00,2026-03-30 07:30:00,2026-03-30 08:23:00,53,41.0,Aircraft Handling,41377.42,41513.9,627.81,0,7950
EY151,AUH-ORD,A6-XWC,Etihad Ground Logistics,2026-03-30 12:00:00,2026-03-30 13:30:00,2026-03-30 13:30:00,0,,On-Time,39734.13,39729.32,-22.13,1,0
EY101,AUH-JFK,A6-XWC,dnata,2026-03-30 18:00:00,2026-03-30 19:30:00,2026-03-30 19:30:00,0,,On-Time,41009.43,41007.82,-7.38,1,0
EY37,AUH-CDG,A6-XWA,dnata,2026-03-31 00:00:00,2026-03-31 01:30:00,2026-03-31 01:30:00,0,,On-Time,41180.97,41198.65,81.33,1,0
EY151,AUH-ORD,A6-XWC,Swissport,2026-03-31 06:00:00,2026-03-31 07:30:00,2026-03-31 08:28:00,58,66.0,Late Crew,38385.26,38587.35,929.58,0,8700
EY11,AUH-LHR,A6-XWB,Etihad Ground Logistics,2026-03-31 12:00:00,2026-03-31 13:30:00,2026-03-31 13:30:00,0,,On-Time,40969.33,40982.63,61.19,1,0
EY11,AUH-LHR,A6-XWC,dnata,2026-03-31 18:00:00,2026-03-31 19:30:00,2026-03-31 19:30:00,0,,On-Time,38489.37,38507.31,82.51,1,0
EY11,AUH-LHR,A6-XWE,Etihad Ground Logistics,2026-04-01 00:00:00,2026-04-01 01:30:00,2026-04-01 01:30:00,0,,On-Time,39678.84,39674.79,-18.6,1,0
EY204,AUH-BOM,A6-XWA,dnata,2026-04-01 06:00:00,2026-04-01 07:30:00,2026-04-01 07:30:00,0,,On-Time,40429.44,40424.85,-21.15,1,0
EY11,AUH-LHR,A6-XWB,dnata,2026-04-01 12:00:00,2026-04-01 13:30:00,2026-04-01 13:30:00,0,,On-Time,40318.97,40306.96,-55.24,1,0
EY204,AUH-BOM,A6-XWE,dnata,2026-04-01 18:00:00,2026-04-01 19:30:00,2026-04-01 19:30:00,0,,On-Time,38510.86,38527.19,75.11,1,0
EY37,AUH-CDG,A6-XWD,Swissport,2026-04-02 00:00:00,2026-04-02 01:30:00,2026-04-02 01:30:00,0,,On-Time,40843.85,40846.24,11.0,1,0
EY151,AUH-ORD,A6-XWC,Swissport,2026-04-02 06:00:00,2026-04-02 07:30:00,2026-04-02 07:30:00,0,,On-Time,40860.33,40867.98,35.19,1,0
EY101,AUH-JFK,A6-XWE,Swissport,2026-04-02 12:00:00,2026-04-02 13:30:00,2026-04-02 14:03:00,33,66.0,Late Crew,39615.1,39843.03,1048.49,0,4950
EY101,AUH-JFK,A6-XWE,Etihad Ground Logistics,2026-04-02 18:00:00,2026-04-02 19:30:00,2026-04-02 19:30:00,0,,On-Time,39483.09,39484.89,8.31,1,0
EY151,AUH-ORD,A6-XWA,Etihad Ground Logistics,2026-04-03 00:00:00,2026-04-03 01:30:00,2026-04-03 01:30:00,0,,On-Time,41617.36,41622.47,23.48,1,0
EY37,AUH-CDG,A6-XWD,Swissport,2026-04-03 06:00:00,2026-04-03 07:30:00,2026-04-03 07:30:00,0,,On-Time,38353.51,38373.2,90.55,1,0
EY101,AUH-JFK,A6-XWC,Etihad Ground Logistics,2026-04-03 12:00:00,2026-04-03 13:30:00,2026-04-03 14:30:00,60,66.0,Late Crew,38403.62,38456.6,243.7,0,9000
EY37,AUH-CDG,A6-XWB,Swissport,2026-04-03 18:00:00,2026-04-03 19:30:00,2026-04-03 19:30:00,0,,On-Time,40255.24,40258.17,13.49,1,0
EY11,AUH-LHR,A6-XWB,Etihad Ground Logistics,2026-04-04 00:00:00,2026-04-04 01:30:00,2026-04-04 01:30:00,0,,On-Time,41505.78,41524.51,86.12,1,0
EY37,AUH-CDG,A6-XWA,Swissport,2026-04-04 06:00:00,2026-04-04 07:30:00,2026-04-04 08:12:00,42,18.0,Catering,40821.32,40865.24,202.05,0,6300
EY151,AUH-ORD,A6-XWB,dnata,2026-04-04 12:00:00,2026-04-04 13:30:00,2026-04-04 13:30:00,0,,On-Time,41899.34,41882.28,-78.46,1,0
EY101,AUH-JFK,A6-XWC,Etihad Ground Logistics,2026-04-04 18:00:00,2026-04-04 19:30:00,2026-04-04 20:18:00,48,41.0,Aircraft Handling,40458.52,40473.83,70.42,0,7200
EY101,AUH-JFK,A6-XWE,dnata,2026-04-05 00:00:00,2026-04-05 01:30:00,2026-04-05 01:30:00,0,,On-Time,39620.24,39624.01,17.35,1,0
EY37,AUH-CDG,A6-XWA,Etihad Ground Logistics,2026-04-05 06:00:00,2026-04-05 07:30:00,2026-04-05 07:30:00,0,,On-Time,41125.23,41124.5,-3.36,1,0
EY37,AUH-CDG,A6-XWB,dnata,2026-04-05 12:00:00,2026-04-05 13:30:00,2026-04-05 14:12:00,42,66.0,Late Crew,39847.43,40129.98,1299.74,0,6300
EY37,AUH-CDG,A6-XWA,Swissport,2026-04-05 18:00:00,2026-04-05 19:30:00,2026-04-05 19:30:00,0,,On-Time,41799.47,41817.06,80.9,1,0
EY204,AUH-BOM,A6-XWB,Swissport,2026-04-06 00:00:00,2026-04-06 01:30:00,2026-04-06 01:30:00,0,,On-Time,39017.94,39037.26,88.83,1,0
EY37,AUH-CDG,A6-XWB,Swissport,2026-04-06 06:00:00,2026-04-06 07:30:00,2026-04-06 07:30:00,0,,On-Time,41175.65,41178.76,14.3,1,0
EY101,AUH-JFK,A6-XWD,Swissport,2026-04-06 12:00:00,2026-04-06 13:30:00,2026-04-06 13:30:00,0,,On-Time,40819.19,40804.75,-66.4,1,0
EY151,AUH-ORD,A6-XWE,Swissport,2026-04-06 18:00:00,2026-04-06 19:30:00,2026-04-06 19:30:00,0,,On-Time,41636.05,41640.14,18.85,1,0
EY204,AUH-BOM,A6-XWC,Swissport,2026-04-07 00:00:00,2026-04-07 01:30:00,2026-04-07 02:01:00,31,41.0,Aircraft Handling,41924.43,41954.03,136.19,0,4650
EY204,AUH-BOM,A6-XWE,dnata,2026-04-07 06:00:00,2026-04-07 07:30:00,2026-04-07 07:30:00,0,,On-Time,40818.57,40821.91,15.32,1,0
EY151,AUH-ORD,A6-XWD,Etihad Ground Logistics,2026-04-07 12:00:00,2026-04-07 13:30:00,2026-04-07 14:21:00,51,66.0,Late Crew,39516.15,39791.1,1264.77,0,7650
EY11,AUH-LHR,A6-XWA,Etihad Ground Logistics,2026-04-07 18:00:00,2026-04-07 19:30:00,2026-04-07 20:02:00,32,41.0,Aircraft Handling,38975.81,39243.92,1233.32,0,4800
EY204,AUH-BOM,A6-XWA,Swissport,2026-04-08 00:00:00,2026-04-08 01:30:00,2026-04-08 01:30:00,0,,On-Time,40463.09,40468.37,24.29,1,0
EY101,AUH-JFK,A6-XWB,dnata,2026-04-08 06:00:00,2026-04-08 07:30:00,2026-04-08 07:30:00,0,,On-Time,39633.72,39635.5,8.19,1,0
EY151,AUH-ORD,A6-XWD,Swissport,2026-04-08 12:00:00,2026-04-08 13:30:00,2026-04-08 14:05:00,35,11.0,Ground Handling,41553.16,41836.38,1302.77,0,5250
EY151,AUH-ORD,A6-XWD,dnata,2026-04-08 18:00:00,2026-04-08 19:30:00,2026-04-08 19:30:00,0,,On-Time,40289.22,40287.27,-8.99,1,0
EY101,AUH-JFK,A6-XWB,Etihad Ground Logistics,2026-04-09 00:00:00,2026-04-09 01:30:00,2026-04-09 01:30:00,0,,On-Time,41200.75,41207.95,33.14,1,0
EY37,AUH-CDG,A6-XWC,Swissport,2026-04-09 06:00:00,2026-04-09 07:30:00,2026-04-09 07:30:00,0,,On-Time,40746.91,40737.7,-42.41,1,0
EY101,AUH-JFK,A6-XWB,Swissport,2026-04-09 12:00:00,2026-04-09 13:30:00,2026-04-09 13:30:00,0,,On-Time,41757.82,41761.26,15.83,1,0
EY151,AUH-ORD,A6-XWC,Swissport,2026-04-09 18:00:00,2026-04-09 19:30:00,2026-04-09 19:30:00,0,,On-Time,40718.25,40718.37,0.55,1,0
EY101,AUH-JFK,A6-XWE,Swissport,2026-04-10 00:00:00,2026-04-10 01:30:00,2026-04-10 01:30:00,0,,On-Time,41756.32,41761.52,23.89,1,0
EY11,AUH-LHR,A6-XWA,dnata,2026-04-10 06:00:00,2026-04-10 07:30:00,2026-04-10 07:30:00,0,,On-Time,38039.15,38037.37,-8.19,1,0
EY11,AUH-LHR,A6-XWD,Swissport,2026-04-10 12:00:00,2026-04-10 13:30:00,2026-04-10 13:30:00,0,,On-Time,39673.95,39685.33,52.36,1,0
EY204,AUH-BOM,A6-XWA,Etihad Ground Logistics,2026-04-10 18:00:00,2026-04-10 19:30:00,2026-04-10 19:30:00,0,,On-Time,38545.28,38548.96,16.95,1,0
EY11,AUH-LHR,A6-XWD,dnata,2026-04-11 00:00:00,2026-04-11 01:30:00,2026-04-11 01:30:00,0,,On-Time,41451.45,41469.66,83.75,1,0
EY37,AUH-CDG,A6-XWB,dnata,2026-04-11 06:00:00,2026-04-11 07:30:00,2026-04-11 07:30:00,0,,On-Time,38704.68,38694.54,-46.63,1,0
EY151,AUH-ORD,A6-XWE,Swissport,2026-04-11 12:00:00,2026-04-11 13:30:00,2026-04-11 13:30:00,0,,On-Time,38431.34,38423.6,-35.6,1,0
EY37,AUH-CDG,A6-XWB,dnata,2026-04-11 18:00:00,2026-04-11 19:30:00,2026-04-11 19:30:00,0,,On-Time,41370.2,41380.54,47.56,1,0
EY101,AUH-JFK,A6-XWC,dnata,2026-04-12 00:00:00,2026-04-12 01:30:00,2026-04-12 01:30:00,0,,On-Time,40778.07,40793.08,69.04,1,0
EY37,AUH-CDG,A6-XWD,Etihad Ground Logistics,2026-04-12 06:00:00,2026-04-12 07:30:00,2026-04-12 07:30:00,0,,On-Time,38377.48,38363.68,-63.47,1,0
EY101,AUH-JFK,A6-XWA,Etihad Ground Logistics,2026-04-12 12:00:00,2026-04-12 13:30:00,2026-04-12 14:09:00,39,41.0,Aircraft Handling,39289.18,39511.27,1021.63,0,5850
EY37,AUH-CDG,A6-XWC,Swissport,2026-04-12 18:00:00,2026-04-12 19:30:00,2026-04-12 19:30:00,0,,On-Time,39791.79,39806.32,66.84,1,0
EY11,AUH-LHR,A6-XWD,Swissport,2026-04-13 00:00:00,2026-04-13 01:30:00,2026-04-13 01:30:00,0,,On-Time,38270.91,38282.74,54.41,1,0
EY204,AUH-BOM,A6-XWD,Swissport,2026-04-13 06:00:00,2026-04-13 07:30:00,2026-04-13 07:59:00,29,11.0,Ground Handling,41288.69,41497.13,958.84,0,4350
EY11,AUH-LHR,A6-XWD,Swissport,2026-04-13 12:00:00,2026-04-13 13:30:00,2026-04-13 13:30:00,0,,On-Time,38124.42,38131.85,34.17,1,0
EY11,AUH-LHR,A6-XWA,Swissport,2026-04-13 18:00:00,2026-04-13 19:30:00,2026-04-13 19:30:00,0,,On-Time,38023.68,38034.78,51.06,1,0
EY101,AUH-JFK,A6-XWB,Etihad Ground Logistics,2026-04-14 00:00:00,2026-04-14 01:30:00,2026-04-14 01:30:00,0,,On-Time,41873.78,41880.49,30.85,1,0
EY151,AUH-ORD,A6-XWE,Etihad Ground Logistics,2026-04-14 06:00:00,2026-04-14 07:30:00,2026-04-14 07:30:00,0,,On-Time,40994.79,40991.99,-12.87,1,0
EY101,AUH-JFK,A6-XWE,dnata,2026-04-14 12:00:00,2026-04-14 13:30:00,2026-04-14 14:01:00,31,11.0,Ground Handling,41851.75,41808.91,-197.07,0,4650
EY101,AUH-JFK,A6-XWC,Swissport,2026-04-14 18:00:00,2026-04-14 19:30:00,2026-04-14 19:30:00,0,,On-Time,41661.64,41657.86,-17.38,1,0
EY151,AUH-ORD,A6-XWB,dnata,2026-04-15 00:00:00,2026-04-15 01:30:00,2026-04-15 01:30:00,0,,On-Time,41779.94,41790.03,46.45,1,0
EY204,AUH-BOM,A6-XWD,dnata,2026-04-15 06:00:00,2026-04-15 07:30:00,2026-04-15 08:02:00,32,41.0,Aircraft Handling,38184.97,38379.53,894.95,0,4800
EY37,AUH-CDG,A6-XWD,Etihad Ground Logistics,2026-04-15 12:00:00,2026-04-15 13:30:00,2026-04-15 13:30:00,0,,On-Time,39484.85,39475.83,-41.53,1,0
EY204,AUH-BOM,A6-XWB,Etihad Ground Logistics,2026-04-15 18:00:00,2026-04-15 19:30:00,2026-04-15 19:30:00,0,,On-Time,38766.68,38763.17,-16.14,1,0
EY37,AUH-CDG,A6-XWE,Etihad Ground Logistics,2026-04-16 00:00:00,2026-04-16 01:30:00,2026-04-16 01:30:00,0,,On-Time,40267.12,40281.41,65.71,1,0
EY204,AUH-BOM,A6-XWC,Etihad Ground Logistics,2026-04-16 06:00:00,2026-04-16 07:30:00,2026-04-16 07:30:00,0,,On-Time,41793.43,41774.55,-86.85,1,0
EY11,AUH-LHR,A6-XWC,Etihad Ground Logistics,2026-04-16 12:00:00,2026-04-16 13:30:00,2026-04-16 13:30:00,0,,On-Time,41520.42,41523.54,14.32,1,0
EY204,AUH-BOM,A6-XWB,Swissport,2026-04-16 18:00:00,2026-04-16 19:30:00,2026-04-16 19:30:00,0,,On-Time,39997.75,39987.42,-47.5,1,0
EY37,AUH-CDG,A6-XWA,Etihad Ground Logistics,2026-04-17 00:00:00,2026-04-17 01:30:00,2026-04-17 01:30:00,0,,On-Time,40480.28,40488.46,37.63,1,0
EY151,AUH-ORD,A6-XWC,dnata,2026-04-17 06:00:00,2026-04-17 07:30:00,2026-04-17 07:30:00,0,,On-Time,39060.87,39047.81,-60.07,1,0
EY37,AUH-CDG,A6-XWA,dnata,2026-04-17 12:00:00,2026-04-17 13:30:00,2026-04-17 13:30:00,0,,On-Time,40109.03,40102.59,-29.6,1,0
EY151,AUH-ORD,A6-XWB,Etihad Ground Logistics,2026-04-17 18:00:00,2026-04-17 19:30:00,2026-04-17 20:13:00,43,41.0,Aircraft Handling,38436.8,38562.49,578.18,0,6450
EY204,AUH-BOM,A6-XWD,Swissport,2026-04-18 00:00:00,2026-04-18 01:30:00,2026-04-18 02:21:00,51,11.0,Ground Handling,40367.8,40437.24,319.46,0,7650
EY151,AUH-ORD,A6-XWA,dnata,2026-04-18 06:00:00,2026-04-18 07:30:00,2026-04-18 07:30:00,0,,On-Time,38801.23,38793.78,-34.28,1,0
EY204,AUH-BOM,A6-XWD,Etihad Ground Logistics,2026-04-18 12:00:00,2026-04-18 13:30:00,2026-04-18 13:30:00,0,,On-Time,41959.54,41952.99,-30.16,1,0
EY37,AUH-CDG,A6-XWD,dnata,2026-04-18 18:00:00,2026-04-18 19:30:00,2026-04-18 19:30:00,0,,On-Time,40649.16,40660.63,52.73,1,0
EY101,AUH-JFK,A6-XWE,dnata,2026-04-19 00:00:00,2026-04-19 01:30:00,2026-04-19 01:59:00,29,41.0,Aircraft Handling,41860.34,42016.31,717.44,0,4350
EY204,AUH-BOM,A6-XWD,Etihad Ground Logistics,2026-04-19 06:00:00,2026-04-19 07:30:00,2026-04-19 07:30:00,0,,On-Time,40508.09,40490.06,-82.93,1,0
EY37,AUH-CDG,A6-XWE,Etihad Ground Logistics,2026-04-19 12:00:00,2026-04-19 13:30:00,2026-04-19 13:30:00,0,,On-Time,40815.0,40798.69,-75.05,1,0
EY204,AUH-BOM,A6-XWB,dnata,2026-04-19 18:00:00,2026-04-19 19:30:00,2026-04-19 19:30:00,0,,On-Time,38856.61,38850.4,-28.59,1,0
EY11,AUH-LHR,A6-XWA,dnata,2026-04-20 00:00:00,2026-04-20 01:30:00,2026-04-20 01:30:00,0,,On-Time,39765.62,39748.11,-80.55,1,0
EY101,AUH-JFK,A6-XWD,Etihad Ground Logistics,2026-04-20 06:00:00,2026-04-20 07:30:00,2026-04-20 07:30:00,0,,On-Time,38327.76,38326.82,-4.33,1,0
EY11,AUH-LHR,A6-XWC,Etihad Ground Logistics,2026-04-20 12:00:00,2026-04-20 13:30:00,2026-04-20 13:30:00,0,,On-Time,41816.56,41833.59,78.38,1,0
EY37,AUH-CDG,A6-XWE,Etihad Ground Logistics,2026-04-20 18:00:00,2026-04-20 19:30:00,2026-04-20 19:30:00,0,,On-Time,41250.35,41259.94,44.09,1,0
EY11,AUH-LHR,A6-XWA,dnata,2026-04-21 00:00:00,2026-04-21 01:30:00,2026-04-21 01:30:00,0,,On-Time,38690.47,38689.39,-4.98,1,0
EY37,AUH-CDG,A6-XWE,Etihad Ground Logistics,2026-04-21 06:00:00,2026-04-21 07:30:00,2026-04-21 07:30:00,0,,On-Time,39454.34,39469.75,70.88,1,0
EY101,AUH-JFK,A6-XWE,Etihad Ground Logistics,2026-04-21 12:00:00,2026-04-21 13:30:00,2026-04-21 13:30:00,0,,On-Time,39958.84,39948.49,-47.58,1,0
EY151,AUH-ORD,A6-XWC,Etihad Ground Logistics,2026-04-21 18:00:00,2026-04-21 19:30:00,2026-04-21 19:30:00,0,,On-Time,39073.84,39079.51,26.11,1,0
EY37,AUH-CDG,A6-XWC,Etihad Ground Logistics,2026-04-22 00:00:00,2026-04-22 01:30:00,2026-04-22 02:03:00,33,66.0,Late Crew,39593.62,39891.96,1372.38,0,4950
EY204,AUH-BOM,A6-XWE,Swissport,2026-04-22 06:00:00,2026-04-22 07:30:00,2026-04-22 07:30:00,0,,On-Time,40146.01,40160.11,64.84,1,0
EY204,AUH-BOM,A6-XWA,Etihad Ground Logistics,2026-04-22 12:00:00,2026-04-22 13:30:00,2026-04-22 13:30:00,0,,On-Time,38878.84,38894.81,73.48,1,0
EY151,AUH-ORD,A6-XWD,dnata,2026-04-22 18:00:00,2026-04-22 19:30:00,2026-04-22 19:30:00,0,,On-Time,38031.83,38034.94,14.33,1,0
EY101,AUH-JFK,A6-XWC,dnata,2026-04-23 00:00:00,2026-04-23 01:30:00,2026-04-23 01:30:00,0,,On-Time,38253.72,38246.85,-31.6,1,0
EY204,AUH-BOM,A6-XWE,Swissport,2026-04-23 06:00:00,2026-04-23 07:30:00,2026-04-23 07:30:00,0,,On-Time,41923.18,41916.49,-30.79,1,0
EY37,AUH-CDG,A6-XWD,Swissport,2026-04-23 12:00:00,2026-04-23 13:30:00,2026-04-23 13:30:00,0,,On-Time,41205.9,41219.88,64.3,1,0
EY151,AUH-ORD,A6-XWD,Swissport,2026-04-23 18:00:00,2026-04-23 19:30:00,2026-04-23 19:30:00,0,,On-Time,38178.19,38191.71,62.18,1,0
EY204,AUH-BOM,A6-XWB,Etihad Ground Logistics,2026-04-24 00:00:00,2026-04-24 01:30:00,2026-04-24 01:30:00,0,,On-Time,39714.96,39729.87,68.6,1,0
EY37,AUH-CDG,A6-XWA,Swissport,2026-04-24 06:00:00,2026-04-24 07:30:00,2026-04-24 07:30:00,0,,On-Time,38168.43,38166.33,-9.66,1,0
EY151,AUH-ORD,A6-XWC,dnata,2026-04-24 12:00:00,2026-04-24 13:30:00,2026-04-24 13:30:00,0,,On-Time,38409.67,38391.91,-81.68,1,0
EY204,AUH-BOM,A6-XWD,Swissport,2026-04-24 18:00:00,2026-04-24 19:30:00,2026-04-24 19:30:00,0,,On-Time,40929.41,40934.7,24.33,1,0
EY151,AUH-ORD,A6-XWC,Swissport,2026-04-25 00:00:00,2026-04-25 01:30:00,2026-04-25 02:21:00,51,18.0,Catering,40799.85,40942.21,654.88,0,7650
EY11,AUH-LHR,A6-XWE,Etihad Ground Logistics,2026-04-25 06:00:00,2026-04-25 07:30:00,2026-04-25 08:15:00,45,41.0,Aircraft Handling,39471.3,39694.58,1027.09,0,6750
EY204,AUH-BOM,A6-XWC,dnata,2026-04-25 12:00:00,2026-04-25 13:30:00,2026-04-25 13:30:00,0,,On-Time,38875.74,38858.81,-77.85,1,0
EY101,AUH-JFK,A6-XWC,Swissport,2026-04-25 18:00:00,2026-04-25 19:30:00,2026-04-25 19:45:00,15,11.0,Ground Handling,40704.56,40807.04,471.4,1,2250
EY204,AUH-BOM,A6-XWE,Etihad Ground Logistics,2026-04-26 00:00:00,2026-04-26 01:30:00,2026-04-26 01:30:00,0,,On-Time,38928.95,38944.92,73.46,1,0
EY37,AUH-CDG,A6-XWA,Swissport,2026-04-26 06:00:00,2026-04-26 07:30:00,2026-04-26 07:30:00,0,,On-Time,40967.46,40966.36,-5.05,1,0
EY151,AUH-ORD,A6-XWE,dnata,2026-04-26 12:00:00,2026-04-26 13:30:00,2026-04-26 13:30:00,0,,On-Time,38026.9,38014.76,-55.83,1,0
EY37,AUH-CDG,A6-XWB,dnata,2026-04-26 18:00:00,2026-04-26 19:30:00,2026-04-26 19:47:00,17,18.0,Catering,39627.39,39905.99,1281.56,0,2550
EY204,AUH-BOM,A6-XWD,Etihad Ground Logistics,2026-04-27 00:00:00,2026-04-27 01:30:00,2026-04-27 01:30:00,0,,On-Time,39763.41,39770.01,30.33,1,0
EY151,AUH-ORD,A6-XWA,dnata,2026-04-27 06:00:00,2026-04-27 07:30:00,2026-04-27 07:30:00,0,,On-Time,39152.19,39148.66,-16.2,1,0
EY151,AUH-ORD,A6-XWA,Swissport,2026-04-27 12:00:00,2026-04-27 13:30:00,2026-04-27 13:52:00,22,18.0,Catering,39969.64,40256.94,1321.57,0,3300
EY151,AUH-ORD,A6-XWC,dnata,2026-04-27 18:00:00,2026-04-27 19:30:00,2026-04-27 19:30:00,0,,On-Time,38711.76,38729.42,81.26,1,0
EY11,AUH-LHR,A6-XWA,Etihad Ground Logistics,2026-04-28 00:00:00,2026-04-28 01:30:00,2026-04-28 02:19:00,49,18.0,Catering,40007.4,40160.57,704.6,0,7350
EY151,AUH-ORD,A6-XWE,Etihad Ground Logistics,2026-04-28 06:00:00,2026-04-28 07:30:00,2026-04-28 08:28:00,58,66.0,Late Crew,39849.3,39904.8,255.31,0,8700
EY37,AUH-CDG,A6-XWE,Swissport,2026-04-28 12:00:00,2026-04-28 13:30:00,2026-04-28 13:30:00,0,,On-Time,40804.88,40813.6,40.11,1,0
EY101,AUH-JFK,A6-XWB,Swissport,2026-04-28 18:00:00,2026-04-28 19:30:00,2026-04-28 19:30:00,0,,On-Time,38332.56,38348.74,74.47,1,0
EY204,AUH-BOM,A6-XWD,dnata,2026-04-29 00:00:00,2026-04-29 01:30:00,2026-04-29 01:30:00,0,,On-Time,40808.24,40825.22,78.09,1,0
EY204,AUH-BOM,A6-XWA,dnata,2026-04-29 06:00:00,2026-04-29 07:30:00,2026-04-29 07:30:00,0,,On-Time,38061.39,38077.55,74.34,1,0
EY101,AUH-JFK,A6-XWC,Etihad Ground Logistics,2026-04-29 12:00:00,2026-04-29 13:30:00,2026-04-29 13:30:00,0,,On-Time,41957.74,41948.37,-43.07,1,0
EY204,AUH-BOM,A6-XWD,dnata,2026-04-29 18:00:00,2026-04-29 19:30:00,2026-04-29 19:30:00,0,,On-Time,40181.9,40185.61,17.08,1,0
EY151,AUH-ORD,A6-XWE,Etihad Ground Logistics,2026-04-30 00:00:00,2026-04-30 01:30:00,2026-04-30 01:30:00,0,,On-Time,41450.36,41437.67,-58.35,1,0
EY11,AUH-LHR,A6-XWC,dnata,2026-04-30 06:00:00,2026-04-30 07:30:00,2026-04-30 07:30:00,0,,On-Time,40111.59,40111.47,-0.55,1,0
EY151,AUH-ORD,A6-XWB,dnata,2026-04-30 12:00:00,2026-04-30 13:30:00,2026-04-30 14:22:00,52,18.0,Catering,39979.49,40180.94,926.7,0,7800
EY204,AUH-BOM,A6-XWD,dnata,2026-04-30 18:00:00,2026-04-30 19:30:00,2026-04-30 19:30:00,0,,On-Time,38719.16,38722.52,15.46,1,0
EY101,AUH-JFK,A6-XWA,Etihad Ground Logistics,2026-05-01 00:00:00,2026-05-01 01:30:00,2026-05-01 01:30:00,0,,On-Time,41422.21,41424.41,10.1,1,0
EY101,AUH-JFK,A6-XWA,dnata,2026-05-01 06:00:00,2026-05-01 07:30:00,2026-05-01 07:54:00,24,11.0,Ground Handling,40364.72,40370.9,28.45,0,3600
EY151,AUH-ORD,A6-XWB,Etihad Ground Logistics,2026-05-01 12:00:00,2026-05-01 13:30:00,2026-05-01 13:30:00,0,,On-Time,38840.51,38846.36,26.93,1,0
EY11,AUH-LHR,A6-XWC,Etihad Ground Logistics,2026-05-01 18:00:00,2026-05-01 19:30:00,2026-05-01 19:30:00,0,,On-Time,40011.32,40001.31,-46.05,1,0
EY37,AUH-CDG,A6-XWD,Etihad Ground Logistics,2026-05-02 00:00:00,2026-05-02 01:30:00,2026-05-02 01:30:00,0,,On-Time,38114.78,38128.53,63.25,1,0
EY151,AUH-ORD,A6-XWE,dnata,2026-05-02 06:00:00,2026-05-02 07:30:00,2026-05-02 07:30:00,0,,On-Time,40634.47,40650.75,74.88,1,0
